origin_name,destination_name,type,constellation_telesat,height_telesat,origin_telesat,destination_telesat,Mean latency there_telesat,Mean latency back_telesat,Min. RTT_telesat,Mean RTT_telesat,Max. RTT_telesat,Smp.std. RTT_telesat,Reply arrival_telesat,constellation_kuiper,height_kuiper,origin_kuiper,destination_kuiper,Mean latency there_kuiper,Mean latency back_kuiper,Min. RTT_kuiper,Mean RTT_kuiper,Max. RTT_kuiper,Smp.std. RTT_kuiper,Reply arrival_kuiper,constellation_starlink,height_starlink,origin_starlink,destination_starlink,Mean latency there_starlink,Mean latency back_starlink,Min. RTT_starlink,Mean RTT_starlink,Max. RTT_starlink,Smp.std. RTT_starlink,Reply arrival_starlink,country_source,country_destination,min_of,avg_of,max_of,mdev_of,Distance_of,Expected_Latency_of,satellites_telesat,satellites_distance_telesat,satellites_kuiper,satellites_distance_kuiper,satellites_starlink,satellites_distance_starlink
Frankfurt,Rome,isls,telesat,1015,351,355,7.58 ms,7.58 ms,14.21 ms,15.17 ms,17.78 ms,0.95 ms,199985/200000 (100%),kuiper,630,1156,1160,4.94 ms,4.94 ms,9.32 ms,9.89 ms,11.14 ms,0.53 ms,199991/200000 (100%),starlink,550.0,1584.0,1588.0,4.08 ms,4.08 ms,7.86 ms,8.16 ms,8.70 ms,0.24 ms,199992/200000 (100%),Germany,Italy,"8,94379166666667","9,04575","9,31545833333333","0,12175","959,691578332131","9,59691578332131",1.0,2398.0983125,1.0,1533.4531607142856,1.0,1248.6931354166666
Amsterdam,Venice,isls,telesat,1015,353,357,7.90 ms,7.90 ms,15.23 ms,15.80 ms,17.90 ms,0.71 ms,199985/200000 (100%),kuiper,630,1158,1162,5.49 ms,5.49 ms,10.77 ms,10.99 ms,11.53 ms,0.22 ms,199990/200000 (100%),starlink,550.0,1586.0,1590.0,4.86 ms,4.86 ms,9.48 ms,9.72 ms,10.34 ms,0.21 ms,199991/200000 (100%),Netherlands,Italy,"25,9659166666667","30,54625","62,0952083333333","8,06625","932,04064214759","9,3204064214759",1.0,2490.724625,1.0,1679.3655357142857,1.0,1492.3834874999998
Rome,Helsinki,isls,telesat,1015,355,358,10.15 ms,10.15 ms,19.26 ms,20.30 ms,21.12 ms,0.62 ms,199980/200000 (100%),kuiper,630,1160,1163,8.68 ms,8.68 ms,15.46 ms,17.37 ms,24.02 ms,2.57 ms,173973/200000 (87%),starlink,550.0,1588.0,1591.0,8.83 ms,8.83 ms,14.51 ms,17.65 ms,22.86 ms,1.67 ms,199983/200000 (100%),Italy,Finland,"32,3526666666667","32,7658333333333","34,7118333333333","0,634416666666667","2198,02732883459","21,9802732883459",1.0,3037.15365625,1.5,2347.920265316392,1.625,2533.1207168149763
London,Barcelona,isls,telesat,1015,354,356,9.45 ms,9.45 ms,17.91 ms,18.90 ms,20.73 ms,0.87 ms,199982/200000 (100%),kuiper,630,1159,1161,6.17 ms,6.17 ms,11.65 ms,12.33 ms,13.97 ms,0.58 ms,199988/200000 (100%),starlink,550.0,1587.0,1589.0,5.32 ms,5.32 ms,10.47 ms,10.64 ms,10.92 ms,0.11 ms,199990/200000 (100%),United Kingdom,Spain,"27,379125","27,8129166666667","29,85775","0,528416666666667","1139,82390068252","11,3982390068252",1.0,2923.034875,1.0,1946.2738020833333,1.0,1615.274151785714
Munich,Moscow,isls,telesat,1015,352,359,10.89 ms,10.89 ms,20.01 ms,21.77 ms,23.52 ms,0.99 ms,199980/200000 (100%),kuiper,630,1157,1164,8.98 ms,8.98 ms,16.16 ms,17.96 ms,21.02 ms,1.76 ms,199984/200000 (100%),starlink,550.0,1585.0,1592.0,8.31 ms,8.31 ms,16.06 ms,16.62 ms,22.48 ms,0.70 ms,199984/200000 (100%),Germany,Russia,"43,1557916666667","43,3167083333333","44,3995","0,330958333333333","1960,76815051249","19,6076815051249",1.0,3339.033890625,1.5714285714285714,2637.005245413005,2.0,2561.340176606272
Venice,Helsinki,isls,telesat,1015,357,358,10.18 ms,10.18 ms,19.21 ms,20.36 ms,21.22 ms,0.67 ms,199980/200000 (100%),kuiper,630,1162,1163,8.61 ms,8.61 ms,15.43 ms,17.21 ms,29.55 ms,2.53 ms,173973/200000 (87%),starlink,550.0,1590.0,1591.0,8.83 ms,8.83 ms,14.48 ms,17.67 ms,26.67 ms,1.94 ms,199983/200000 (100%),Italy,Finland,"38,0750833333333","42,344875","80,5727083333333","8,399375","1803,25318471764","18,0325318471764",1.0,3048.49384375,1.5,2347.0156580782823,1.7777777777777777,2702.377211562116
Helsinki,Moscow,isls,telesat,1015,358,359,8.33 ms,8.33 ms,15.43 ms,16.66 ms,18.37 ms,1.07 ms,199985/200000 (100%),kuiper,630,1163,1164,8.34 ms,8.34 ms,13.92 ms,16.69 ms,22.72 ms,3.21 ms,173975/200000 (87%),starlink,550.0,1591.0,1592.0,6.33 ms,6.33 ms,11.80 ms,12.67 ms,18.25 ms,0.75 ms,199988/200000 (100%),Finland,Russia,24385,"24,6288333333333","26,725375","0,509666666666667","908,307065026294","9,08307065026294",1.0,2695.4625416666668,1.3333333333333333,2312.214727835685,1.2857142857142858,2068.894620376964
Frankfurt,Amsterdam,isls,telesat,1015,351,353,7.32 ms,7.32 ms,13.93 ms,14.63 ms,15.88 ms,0.46 ms,199987/200000 (100%),kuiper,630,1156,1158,4.57 ms,4.57 ms,8.85 ms,9.13 ms,10.10 ms,0.33 ms,199992/200000 (100%),,,,,,,,,,,,Germany,Netherlands,"7,86195833333333","8,106875","8,77454166666667","0,241208333333333","368,599612148821","3,68599612148821",1.0,2327.886875,1.0,1381.8578124999997,1.0,1144.2966473214285
Amsterdam,London,isls,telesat,1015,353,354,8.12 ms,8.12 ms,14.77 ms,16.24 ms,17.08 ms,0.64 ms,199986/200000 (100%),kuiper,630,1158,1159,4.62 ms,4.62 ms,8.84 ms,9.23 ms,10.40 ms,0.45 ms,199992/200000 (100%),starlink,550.0,1586.0,1587.0,3.74 ms,3.74 ms,7.31 ms,7.49 ms,7.81 ms,0.11 ms,199993/200000 (100%),Netherlands,United Kingdom,"6,9185","8,35825","12,7989166666667","1,35491666666667","340,923670354389","3,40923670354389",1.0,2526.431958333333,1.0,1388.042151785714,1.0,1131.677428571429
Amsterdam,Moscow,isls,telesat,1015,353,359,10.78 ms,10.78 ms,20.63 ms,21.56 ms,23.06 ms,0.72 ms,199979/200000 (100%),kuiper,630,1158,1164,10.68 ms,10.68 ms,20.63 ms,21.36 ms,25.06 ms,0.65 ms,199979/200000 (100%),starlink,550.0,1586.0,1592.0,9.35 ms,9.35 ms,17.56 ms,18.69 ms,22.89 ms,0.67 ms,199981/200000 (100%),Netherlands,Russia,"44,1855833333333","44,5097916666667","44,9366666666667","0,256125","2162,74726453592","21,6274726453592",1.0,3274.326375,2.0,3310.8073281698325,2.0,2770.9818374490933
Rome,Barcelona,isls,telesat,1015,355,356,7.95 ms,7.95 ms,15.12 ms,15.90 ms,16.82 ms,0.43 ms,199985/200000 (100%),kuiper,630,1160,1161,5.48 ms,5.48 ms,10.68 ms,10.97 ms,11.39 ms,0.20 ms,199990/200000 (100%),starlink,550.0,1588.0,1589.0,4.84 ms,4.84 ms,9.35 ms,9.68 ms,10.42 ms,0.31 ms,199991/200000 (100%),Italy,Spain,"24,80725","25,1815833333333","25,8305833333333",294,"859,771326363021","8,59771326363021",1.0,2505.2603125,1.0,1671.54746875,1.0,1482.45934375
Barcelona,Moscow,isls,telesat,1015,356,359,13.15 ms,13.15 ms,26.04 ms,26.30 ms,27.02 ms,0.24 ms,199973/200000 (100%),kuiper,630,1161,1164,13.64 ms,13.64 ms,24.36 ms,27.28 ms,29.12 ms,1.62 ms,199972/200000 (100%),starlink,550.0,1589.0,1592.0,12.31 ms,12.31 ms,24.23 ms,24.63 ms,31.35 ms,0.54 ms,199976/200000 (100%),Spain,Russia,"62,7261666666667","62,9764166666667","63,3890416666667","0,298333333333333","3009,84801345192","30,0984801345192",1.0,3934.38975,2.75,4049.867655470616,2.2,3782.496913489152
Venice,Moscow,isls,telesat,1015,357,359,11.39 ms,11.39 ms,21.18 ms,22.77 ms,23.83 ms,0.71 ms,199979/200000 (100%),kuiper,630,1162,1164,9.90 ms,9.90 ms,17.31 ms,19.79 ms,21.97 ms,1.54 ms,199980/200000 (100%),starlink,550.0,1590.0,1592.0,9.02 ms,9.02 ms,16.85 ms,18.04 ms,23.86 ms,1.00 ms,199983/200000 (100%),Italy,Russia,"65,0824782608696","68,9144782608696","95,651347826087","6,55404347826087","2074,46722050642","20,7446722050642",1.0,3410.1318250000004,2.0,2971.5774899017097,2.0,2699.7061858102093
Frankfurt,Barcelona,isls,telesat,1015,351,356,8.48 ms,8.48 ms,16.17 ms,16.96 ms,19.24 ms,0.84 ms,199984/200000 (100%),kuiper,630,1156,1161,5.92 ms,5.92 ms,11.41 ms,11.85 ms,12.94 ms,0.44 ms,199988/200000 (100%),starlink,550.0,1584.0,1589.0,5.20 ms,5.20 ms,10.22 ms,10.41 ms,10.74 ms,0.13 ms,199990/200000 (100%),Germany,Spain,"24,6446666666667","24,8995416666667","25,4340833333333","0,22475","1093,49563605368","10,9349563605368",1.0,2682.4106875,1.0,1811.1906458333333,1.0,1584.62434375
Frankfurt,Venice,isls,telesat,1015,351,357,7.63 ms,7.63 ms,14.31 ms,15.26 ms,17.81 ms,0.93 ms,199984/200000 (100%),kuiper,630,1156,1162,5.00 ms,5.00 ms,9.42 ms,9.99 ms,11.27 ms,0.55 ms,199991/200000 (100%),starlink,550.0,1584.0,1590.0,4.14 ms,4.14 ms,7.98 ms,8.29 ms,8.84 ms,0.24 ms,199992/200000 (100%),Germany,Italy,"32,1116666666667","37,0049166666667","75,348875","9,08045833333333","571,869509705548","5,71869509705548",1.0,2359.614708333333,1.0,1552.6486071428571,1.0,1262.4139479166668
London,Helsinki,isls,telesat,1015,354,358,10.02 ms,10.02 ms,19.25 ms,20.05 ms,21.00 ms,0.49 ms,199981/200000 (100%),kuiper,630,1159,1163,11.06 ms,11.06 ms,21.12 ms,22.11 ms,32.71 ms,1.19 ms,173967/200000 (87%),starlink,550.0,1587.0,1591.0,9.79 ms,9.79 ms,16.80 ms,19.58 ms,23.02 ms,1.43 ms,199983/200000 (100%),United Kingdom,Finland,"29,7707083333333","30,3359583333333","34,0240833333333","0,894333333333333","1806,2934264951","18,062934264951",1.0,3032.91546875,2.0,2632.24366438128,2.0,2812.367268061052
Barcelona,Helsinki,isls,telesat,1015,356,358,11.63 ms,11.63 ms,23.15 ms,23.27 ms,23.45 ms,0.08 ms,199977/200000 (100%),kuiper,630,1161,1163,13.81 ms,13.81 ms,24.02 ms,27.63 ms,39.48 ms,3.00 ms,173954/200000 (87%),starlink,550.0,1589.0,1591.0,13.82 ms,13.82 ms,25.41 ms,27.64 ms,47.79 ms,5.32 ms,199974/200000 (100%),Spain,Finland,"50,2242083333333","50,6145833333333","54,250625","0,877708333333333","2595,40355419758","25,9540355419758",1.0,3511.27525,2.7,3803.907310366909,2.5,4736.99988689382
London,Venice,isls,telesat,1015,354,357,8.45 ms,8.45 ms,16.11 ms,16.91 ms,19.45 ms,0.92 ms,199984/200000 (100%),kuiper,630,1159,1162,5.95 ms,5.95 ms,11.63 ms,11.90 ms,12.53 ms,0.26 ms,199988/200000 (100%),starlink,550.0,1587.0,1590.0,5.35 ms,5.35 ms,10.47 ms,10.69 ms,11.09 ms,0.16 ms,199990/200000 (100%),United Kingdom,Italy,31554,"36,9039583333333","68,9717083333333","7,90354166666667","1132,12636533776","11,3212636533776",1.0,2671.1415,1.0,1810.52625,1.0,1619.396875
Munich,Amsterdam,isls,telesat,1015,352,353,7.45 ms,7.45 ms,14.46 ms,14.90 ms,16.49 ms,0.48 ms,199986/200000 (100%),kuiper,630,1157,1158,4.94 ms,4.94 ms,9.69 ms,9.88 ms,10.37 ms,0.16 ms,199991/200000 (100%),starlink,550.0,1585.0,1586.0,4.28 ms,4.28 ms,8.31 ms,8.55 ms,8.93 ms,0.14 ms,199992/200000 (100%),Germany,Netherlands,"14,7692916666667","15,1076666666667","16,8250416666667","0,432291666666667","672,787548607672","6,72787548607672",1.0,2360.11546875,1.0,1502.3385892857143,1.0,1295.368107142857
Amsterdam,Helsinki,isls,telesat,1015,353,358,9.28 ms,9.28 ms,17.70 ms,18.55 ms,20.18 ms,0.77 ms,199981/200000 (100%),kuiper,630,1158,1163,9.48 ms,9.48 ms,15.57 ms,18.95 ms,31.01 ms,2.64 ms,173972/200000 (87%),starlink,550.0,1586.0,1591.0,8.25 ms,8.26 ms,13.89 ms,16.51 ms,22.95 ms,1.52 ms,199986/200000 (100%),Netherlands,Finland,"30,8645416666667","32,3186666666667","37,507625","1,65458333333333","1504,80042959382","15,0480042959382",1.0,2796.4347083333328,1.625,2433.565634828597,1.625,2444.1452860917843
London,Rome,isls,telesat,1015,354,355,8.40 ms,8.40 ms,15.99 ms,16.81 ms,19.38 ms,0.94 ms,199984/200000 (100%),kuiper,630,1159,1160,5.84 ms,5.84 ms,11.41 ms,11.68 ms,12.31 ms,0.26 ms,199989/200000 (100%),starlink,550.0,1587.0,1588.0,5.23 ms,5.23 ms,10.22 ms,10.47 ms,10.90 ms,0.16 ms,199990/200000 (100%),United Kingdom,Italy,"30,7575833333333","31,1915833333333","34,1905833333333","0,732458333333333","1433,85984739964","14,3385984739964",1.0,2658.5594375,1.0,1776.9886125,1.0,1583.5552291666663
Barcelona,Venice,isls,telesat,1015,356,357,7.97 ms,7.97 ms,15.21 ms,15.94 ms,16.76 ms,0.41 ms,199985/200000 (100%),kuiper,630,1161,1162,5.54 ms,5.54 ms,10.81 ms,11.08 ms,11.59 ms,0.20 ms,199990/200000 (100%),starlink,550.0,1589.0,1590.0,4.92 ms,4.92 ms,9.54 ms,9.83 ms,10.60 ms,0.29 ms,199991/200000 (100%),Spain,Italy,"44,27275","48,9174583333333","83,4860833333333","8,44145833333333","960,520233966983","9,60520233966983",1.0,2507.981125,1.0,1702.984890625,1.0,1507.15846875
Munich,London,isls,telesat,1015,352,354,8.01 ms,8.01 ms,15.35 ms,16.01 ms,18.04 ms,0.69 ms,199985/200000 (100%),kuiper,630,1157,1159,5.41 ms,5.41 ms,10.70 ms,10.83 ms,11.10 ms,0.10 ms,199990/200000 (100%),starlink,550.0,1585.0,1587.0,4.80 ms,4.80 ms,9.38 ms,9.61 ms,9.93 ms,0.15 ms,199991/200000 (100%),Germany,United Kingdom,"20,510875","21,241375","25,812125","1,07108333333333","916,648432441566","9,16648432441566",1.0,2541.1739687500003,1.0,1638.0897589285712,1.0,1460.2772083333336
Amsterdam,Barcelona,isls,telesat,1015,353,356,9.18 ms,9.18 ms,17.37 ms,18.35 ms,21.00 ms,1.08 ms,199983/200000 (100%),kuiper,630,1158,1161,6.41 ms,6.41 ms,12.12 ms,12.81 ms,17.18 ms,0.64 ms,199986/200000 (100%),starlink,550.0,1586.0,1589.0,5.58 ms,5.58 ms,10.99 ms,11.17 ms,11.41 ms,0.11 ms,199989/200000 (100%),Netherlands,Spain,"31,928375","32,2603333333333","32,8672083333333","0,303916666666667","1228,57351790397","12,2857351790397",1.0,2969.650875,1.0,1970.1154910714288,1.0,1689.12175
London,Moscow,isls,telesat,1015,354,359,11.75 ms,11.75 ms,22.62 ms,23.49 ms,24.89 ms,0.68 ms,199977/200000 (100%),kuiper,630,1159,1164,11.53 ms,11.53 ms,22.16 ms,23.05 ms,26.51 ms,1.00 ms,199978/200000 (100%),starlink,550.0,1587.0,1592.0,10.50 ms,10.50 ms,20.58 ms,21.01 ms,25.97 ms,0.43 ms,199980/200000 (100%),United Kingdom,Russia,"49,8295833333333","50,437125","53,57725","0,8485","2498,79240006715","24,9879240006715",1.0,3559.9678125,2.363636363636364,3533.2187553742992,2.0,3199.3138592915457
Munich,Helsinki,isls,telesat,1015,352,358,9.61 ms,9.61 ms,17.98 ms,19.21 ms,20.65 ms,0.91 ms,199981/200000 (100%),kuiper,630,1157,1163,8.13 ms,8.13 ms,14.24 ms,16.26 ms,28.82 ms,2.51 ms,173974/200000 (87%),starlink,550.0,1585.0,1591.0,7.30 ms,7.30 ms,13.05 ms,14.59 ms,19.33 ms,1.41 ms,199987/200000 (100%),Germany,Finland,"32,7508333333333","32,9430833333333","34,7437916666667","0,448125","1584,08126764901","15,8408126764901",1.0,2928.8535,1.5,2222.39795682282,1.5,2163.044990142022
Frankfurt,Helsinki,isls,telesat,1015,351,358,9.35 ms,9.35 ms,17.65 ms,18.70 ms,20.23 ms,0.85 ms,199981/200000 (100%),kuiper,630,1156,1163,8.51 ms,8.51 ms,14.44 ms,17.01 ms,22.33 ms,2.62 ms,173974/200000 (87%),starlink,550.0,1584.0,1591.0,7.45 ms,7.45 ms,13.00 ms,14.91 ms,18.98 ms,1.42 ms,199987/200000 (100%),Germany,Finland,"23,442375","23,609125","25,171375","0,395458333333333","1505,26411194137","15,0526411194137",1.0,2782.3416666666667,1.4,2053.374555349575,1.5,2153.2011895569926
Munich,Rome,isls,telesat,1015,352,355,7.29 ms,7.29 ms,13.89 ms,14.59 ms,16.60 ms,0.70 ms,199985/200000 (100%),kuiper,630,1157,1160,4.84 ms,4.84 ms,8.70 ms,9.68 ms,11.52 ms,0.89 ms,199992/200000 (100%),starlink,550.0,1585.0,1588.0,3.77 ms,3.77 ms,7.14 ms,7.53 ms,7.95 ms,0.22 ms,199993/200000 (100%),Germany,Italy,"15,502375","15,638625","16,2241666666667","0,202958333333333","696,967594303167","6,96967594303167",1.0,2297.081125,1.0,1521.93140625,1.0,1151.086130208333
Munich,Venice,isls,telesat,1015,352,357,7.32 ms,7.32 ms,13.96 ms,14.63 ms,16.55 ms,0.66 ms,199985/200000 (100%),kuiper,630,1157,1162,4.85 ms,4.85 ms,8.73 ms,9.70 ms,11.58 ms,0.89 ms,199992/200000 (100%),starlink,550.0,1585.0,1590.0,3.78 ms,3.78 ms,7.18 ms,7.57 ms,7.94 ms,0.21 ms,199993/200000 (100%),Germany,Italy,"18,7577083333333","23,504625","59,3235416666667","8,4915","283,928559361622","2,83928559361622",1.0,2299.8078125,1.0,1578.163625,1.0,1153.6212760416668
Frankfurt,Moscow,isls,telesat,1015,351,359,10.75 ms,10.75 ms,20.01 ms,21.50 ms,23.42 ms,0.96 ms,199980/200000 (100%),kuiper,630,1156,1164,9.76 ms,9.76 ms,16.76 ms,19.52 ms,21.69 ms,1.44 ms,199980/200000 (100%),starlink,550.0,1584.0,1592.0,8.58 ms,8.58 ms,16.49 ms,17.16 ms,22.25 ms,0.73 ms,199984/200000 (100%),Germany,Russia,"48,6450416666667","48,7810833333333","49,1981666666667","0,23775","2020,69723444239","20,2069723444239",1.0,3250.6788125000003,1.8,2814.872470675408,2.0,2608.3431189078874
Frankfurt,London,isls,telesat,1015,351,354,7.87 ms,7.87 ms,14.81 ms,15.74 ms,17.43 ms,0.64 ms,199986/200000 (100%),kuiper,630,1156,1159,4.90 ms,4.90 ms,9.58 ms,9.81 ms,10.51 ms,0.24 ms,199991/200000 (100%),starlink,550.0,1584.0,1587.0,4.16 ms,4.16 ms,8.20 ms,8.32 ms,8.54 ms,0.10 ms,199992/200000 (100%),Germany,United Kingdom,13327,"14,0375416666667","18,3920833333333","1,01929166666667","636,385472327791","6,36385472327791",1.0,2506.3161250000003,1.0,1475.633544642857,1.0,1269.24653125
Munich,Barcelona,isls,telesat,1015,352,356,8.16 ms,8.16 ms,15.69 ms,16.31 ms,17.97 ms,0.56 ms,199985/200000 (100%),kuiper,630,1157,1161,5.79 ms,5.79 ms,11.23 ms,11.58 ms,12.50 ms,0.33 ms,199989/200000 (100%),starlink,550.0,1585.0,1589.0,5.18 ms,5.18 ms,10.03 ms,10.36 ms,11.03 ms,0.23 ms,199990/200000 (100%),Germany,Spain,"30,4068333333333","30,6745","31,4001666666667",295,"1053,70173852679","10,5370173852679",1.0,2574.5780625,1.0,1761.4798541666669,1.0,1566.8729843749998
Rome,Moscow,isls,telesat,1015,355,359,11.40 ms,11.40 ms,21.23 ms,22.80 ms,23.76 ms,0.68 ms,199979/200000 (100%),kuiper,630,1160,1164,10.05 ms,10.05 ms,17.46 ms,20.10 ms,22.05 ms,1.37 ms,199980/200000 (100%),starlink,550.0,1588.0,1592.0,9.09 ms,9.09 ms,17.01 ms,18.19 ms,23.84 ms,0.98 ms,199983/200000 (100%),Italy,Russia,"48,722625","48,8307083333333","49,3755","0,244416666666667","2375,1692734235","23,751692734235",1.0,3417.6890499999995,2.0,2984.8751587110187,2.0,2717.369929031164
Amsterdam,Rome,isls,telesat,1015,353,355,7.85 ms,7.85 ms,15.11 ms,15.70 ms,17.83 ms,0.72 ms,199985/200000 (100%),kuiper,630,1158,1160,5.41 ms,5.41 ms,10.59 ms,10.82 ms,11.36 ms,0.22 ms,199990/200000 (100%),starlink,550.0,1586.0,1588.0,4.77 ms,4.77 ms,9.30 ms,9.55 ms,10.14 ms,0.21 ms,199991/200000 (100%),Netherlands,Italy,"17,4462083333333","17,7967083333333","18,5166666666667","0,31225","1296,65728516175","12,9665728516175",1.0,2478.22425,1.0,1652.7987053571428,1.0,1465.7455875
Rome,Venice,isls,telesat,1015,355,357,7.11 ms,7.11 ms,13.73 ms,14.22 ms,15.40 ms,0.38 ms,199986/200000 (100%),kuiper,630,1160,1162,4.58 ms,4.58 ms,8.66 ms,9.17 ms,10.47 ms,0.50 ms,199992/200000 (100%),starlink,550.0,1588.0,1590.0,3.69 ms,3.69 ms,6.95 ms,7.37 ms,8.39 ms,0.37 ms,199992/200000 (100%),Italy,Italy,"15,6772916666667","20,0705833333333","46,9962083333333","6,548875","418,846449765687","4,18846449765687",1.0,2230.7953125,1.0,1401.09053125,1.0,1158.0750624999998
Frankfurt,Munich,isls,telesat,1015,351,352,7.19 ms,7.19 ms,13.81 ms,14.37 ms,16.44 ms,0.67 ms,199986/200000 (100%),kuiper,630,1156,1157,4.55 ms,4.55 ms,8.81 ms,9.11 ms,9.84 ms,0.28 ms,199992/200000 (100%),starlink,550.0,1584.0,1585.0,3.79 ms,3.79 ms,7.19 ms,7.57 ms,8.37 ms,0.33 ms,199993/200000 (100%),Germany,Germany,"7,33216666666667","7,50454166666667","8,29375","0,218375","304,360755462539","3,04360755462538",1.0,2280.01259375,1.0,1398.4057321428572,1.0,1177.59140625
